split,pid,ct_path,ms_path,gt_vox,pred_vox,inter,union,dice,iou,gt_empty,dice_zero_gt_present
train,hepaticvessel_001_1,/home/lvelez/PI_Velez/data/32slices/hepaticvessel_001_ventaneo_1.nii,/home/lvelez/PI_Velez/data/32slices/hepaticvessel_001_1.nii,316474,326454,316103,326825,0.9833231568336487,0.9671934247016907,False,False
train,hepaticvessel_001_2,/home/lvelez/PI_Velez/data/32slices/hepaticvessel_001_ventaneo_2.nii,/home/lvelez/PI_Velez/data/32slices/hepaticvessel_001_2.nii,434163,449234,433515,449882,0.9814726710319519,0.9636193513870239,False,False
train,hepaticvessel_002_1,/home/lvelez/PI_Velez/data/32slices/hepaticvessel_002_ventaneo_1.nii,/home/lvelez/PI_Velez/data/32slices/hepaticvessel_002_1.nii,121716,125724,121584,125856,0.9827352166175842,0.9660564661026001,False,False
train,hepaticvessel_002_2,/home/lvelez/PI_Velez/data/32slices/hepaticvessel_002_ventaneo_2.nii,/home/lvelez/PI_Velez/data/32slices/hepaticvessel_002_2.nii,481017,495580,480437,496160,0.9839001893997192,0.9683106541633606,False,False
train,hepaticvessel_004,/home/lvelez/PI_Velez/data/32slices/hepaticvessel_004_ventaneo.nii,/home/lvelez/PI_Velez/data/32slices/hepaticvessel_004.nii,292424,304578,291943,305059,0.9780302047729492,0.9570050239562988,False,False
train,hepaticvessel_005,/home/lvelez/PI_Velez/data/32slices/hepaticvessel_005_ventaneo.nii,/home/lvelez/PI_Velez/data/32slices/hepaticvessel_005.nii,244909,256251,244419,256741,0.9754130244255066,0.9520061016082764,False,False
train,hepaticvessel_010_1,/home/lvelez/PI_Velez/data/32slices/hepaticvessel_010_ventaneo_1.nii,/home/lvelez/PI_Velez/data/32slices/hepaticvessel_010_1.nii,281624,294468,281252,294840,0.9764134883880615,0.9539139866828918,False,False
train,hepaticvessel_010_2,/home/lvelez/PI_Velez/data/32slices/hepaticvessel_010_ventaneo_2.nii,/home/lvelez/PI_Velez/data/32slices/hepaticvessel_010_2.nii,425604,441002,425200,441406,0.9812994599342346,0.963285505771637,False,False
train,hepaticvessel_011,/home/lvelez/PI_Velez/data/32slices/hepaticvessel_011_ventaneo.nii,/home/lvelez/PI_Velez/data/32slices/hepaticvessel_011.nii,382322,395582,381093,396811,0.979794442653656,0.9603891968727112,False,False
train,hepaticvessel_013,/home/lvelez/PI_Velez/data/32slices/hepaticvessel_013_ventaneo.nii,/home/lvelez/PI_Velez/data/32slices/hepaticvessel_013.nii,750286,776988,748357,778917,0.9799904823303223,0.9607660174369812,False,False
train,hepaticvessel_016,/home/lvelez/PI_Velez/data/32slices/hepaticvessel_016_ventaneo.nii,/home/lvelez/PI_Velez/data/32slices/hepaticvessel_016.nii,600107,620908,598439,622576,0.9802320003509521,0.961230456829071,False,False
train,hepaticvessel_018,/home/lvelez/PI_Velez/data/32slices/hepaticvessel_018_ventaneo.nii,/home/lvelez/PI_Velez/data/32slices/hepaticvessel_018.nii,707944,726815,706003,728756,0.9841415882110596,0.9687783122062683,False,False
train,hepaticvessel_020,/home/lvelez/PI_Velez/data/32slices/hepaticvessel_020_ventaneo.nii,/home/lvelez/PI_Velez/data/32slices/hepaticvessel_020.nii,634024,655754,632512,657266,0.9808075428009033,0.9623379111289978,False,False
train,hepaticvessel_022,/home/lvelez/PI_Velez/data/32slices/hepaticvessel_022_ventaneo.nii,/home/lvelez/PI_Velez/data/32slices/hepaticvessel_022.nii,560093,576977,558871,578199,0.9830019474029541,0.9665720462799072,False,False
train,hepaticvessel_025_1,/home/lvelez/PI_Velez/data/32slices/hepaticvessel_025_ventaneo_1.nii,/home/lvelez/PI_Velez/data/32slices/hepaticvessel_025_1.nii,644160,660048,643064,661144,0.9861371517181396,0.9726534485816956,False,False
train,hepaticvessel_025_2,/home/lvelez/PI_Velez/data/32slices/hepaticvessel_025_ventaneo_2.nii,/home/lvelez/PI_Velez/data/32slices/hepaticvessel_025_2.nii,724202,745546,723031,746717,0.983884334564209,0.9682798385620117,False,False
train,hepaticvessel_026_1,/home/lvelez/PI_Velez/data/32slices/hepaticvessel_026_ventaneo_1.nii,/home/lvelez/PI_Velez/data/32slices/hepaticvessel_026_1.nii,238726,245785,238273,246238,0.9835607409477234,0.9676532745361328,False,False
train,hepaticvessel_026_2,/home/lvelez/PI_Velez/data/32slices/hepaticvessel_026_ventaneo_2.nii,/home/lvelez/PI_Velez/data/32slices/hepaticvessel_026_2.nii,470439,487434,469865,488008,0.9810590744018555,0.9628223180770874,False,False
train,hepaticvessel_027_1,/home/lvelez/PI_Velez/data/32slices/hepaticvessel_027_ventaneo_1.nii,/home/lvelez/PI_Velez/data/32slices/hepaticvessel_027_1.nii,394294,407527,393883,407938,0.9824711680412292,0.9655462503433228,False,False
train,hepaticvessel_027_2,/home/lvelez/PI_Velez/data/32slices/hepaticvessel_027_ventaneo_2.nii,/home/lvelez/PI_Velez/data/32slices/hepaticvessel_027_2.nii,558485,582556,557694,583347,0.9775179028511047,0.9560244679450989,False,False
train,hepaticvessel_029,/home/lvelez/PI_Velez/data/32slices/hepaticvessel_029_ventaneo.nii,/home/lvelez/PI_Velez/data/32slices/hepaticvessel_029.nii,309407,325533,308807,326133,0.9727123975753784,0.9468744397163391,False,False
train,hepaticvessel_030,/home/lvelez/PI_Velez/data/32slices/hepaticvessel_030_ventaneo.nii,/home/lvelez/PI_Velez/data/32slices/hepaticvessel_030.nii,255579,268701,255214,269066,0.9735789895057678,0.9485182166099548,False,False
train,hepaticvessel_031_1,/home/lvelez/PI_Velez/data/32slices/hepaticvessel_031_ventaneo_1.nii,/home/lvelez/PI_Velez/data/32slices/hepaticvessel_031_1.nii,114911,120512,114694,120729,0.9743652939796448,0.9500120282173157,False,False
train,hepaticvessel_031_2,/home/lvelez/PI_Velez/data/32slices/hepaticvessel_031_ventaneo_2.nii,/home/lvelez/PI_Velez/data/32slices/hepaticvessel_031_2.nii,941178,963394,940012,964560,0.9871110320091248,0.9745500683784485,False,False
train,hepaticvessel_031_3,/home/lvelez/PI_Velez/data/32slices/hepaticvessel_031_ventaneo_3.nii,/home/lvelez/PI_Velez/data/32slices/hepaticvessel_031_3.nii,543063,564772,542362,565473,0.9791386127471924,0.959129810333252,False,False
train,hepaticvessel_033_1,/home/lvelez/PI_Velez/data/32slices/hepaticvessel_033_ventaneo_1.nii,/home/lvelez/PI_Velez/data/32slices/hepaticvessel_033_1.nii,1142,1677,1139,1680,0.808087944984436,0.6779761910438538,False,False
train,hepaticvessel_033_2,/home/lvelez/PI_Velez/data/32slices/hepaticvessel_033_ventaneo_2.nii,/home/lvelez/PI_Velez/data/32slices/hepaticvessel_033_2.nii,608449,627678,607935,628192,0.9836125373840332,0.9677534699440002,False,False
train,hepaticvessel_033_3,/home/lvelez/PI_Velez/data/32slices/hepaticvessel_033_ventaneo_3.nii,/home/lvelez/PI_Velez/data/32slices/hepaticvessel_033_3.nii,93629,96857,93505,96981,0.9817519187927246,0.9641579389572144,False,False
train,hepaticvessel_039,/home/lvelez/PI_Velez/data/32slices/hepaticvessel_039_ventaneo.nii,/home/lvelez/PI_Velez/data/32slices/hepaticvessel_039.nii,363266,380082,362619,380729,0.9756372570991516,0.9524333477020264,False,False
train,hepaticvessel_040,/home/lvelez/PI_Velez/data/32slices/hepaticvessel_040_ventaneo.nii,/home/lvelez/PI_Velez/data/32slices/hepaticvessel_040.nii,627561,646957,626603,647915,0.9832783937454224,0.967106819152832,False,False
train,hepaticvessel_042,/home/lvelez/PI_Velez/data/32slices/hepaticvessel_042_ventaneo.nii,/home/lvelez/PI_Velez/data/32slices/hepaticvessel_042.nii,393533,406951,392969,407515,0.981828510761261,0.964305579662323,False,False
train,hepaticvessel_044,/home/lvelez/PI_Velez/data/32slices/hepaticvessel_044_ventaneo.nii,/home/lvelez/PI_Velez/data/32slices/hepaticvessel_044.nii,371174,389236,370269,390141,0.9738667011260986,0.9490645527839661,False,False
train,hepaticvessel_050,/home/lvelez/PI_Velez/data/32slices/hepaticvessel_050_ventaneo.nii,/home/lvelez/PI_Velez/data/32slices/hepaticvessel_050.nii,550951,573261,550186,574026,0.9787940382957458,0.9584687948226929,False,False
train,hepaticvessel_051,/home/lvelez/PI_Velez/data/32slices/hepaticvessel_051_ventaneo.nii,/home/lvelez/PI_Velez/data/32slices/hepaticvessel_051.nii,630065,646110,628140,648035,0.9844104647636414,0.9692994952201843,False,False
train,hepaticvessel_052,/home/lvelez/PI_Velez/data/32slices/hepaticvessel_052_ventaneo.nii,/home/lvelez/PI_Velez/data/32slices/hepaticvessel_052.nii,234878,249814,234257,250435,0.9666221141815186,0.9354004263877869,False,False
train,hepaticvessel_053,/home/lvelez/PI_Velez/data/32slices/hepaticvessel_053_ventaneo.nii,/home/lvelez/PI_Velez/data/32slices/hepaticvessel_053.nii,324322,340654,323445,341531,0.9728020429611206,0.947044312953949,False,False
train,hepaticvessel_059,/home/lvelez/PI_Velez/data/32slices/hepaticvessel_059_ventaneo.nii,/home/lvelez/PI_Velez/data/32slices/hepaticvessel_059.nii,597581,614871,596423,616029,0.9838294386863708,0.9681735634803772,False,False
train,hepaticvessel_061,/home/lvelez/PI_Velez/data/32slices/hepaticvessel_061_ventaneo.nii,/home/lvelez/PI_Velez/data/32slices/hepaticvessel_061.nii,596712,615127,595369,616470,0.9825876355171204,0.9657712578773499,False,False
train,hepaticvessel_065,/home/lvelez/PI_Velez/data/32slices/hepaticvessel_065_ventaneo.nii,/home/lvelez/PI_Velez/data/32slices/hepaticvessel_065.nii,490607,506681,489084,508204,0.9808279871940613,0.9623773097991943,False,False
train,hepaticvessel_066_1,/home/lvelez/PI_Velez/data/32slices/hepaticvessel_066_ventaneo_1.nii,/home/lvelez/PI_Velez/data/32slices/hepaticvessel_066_1.nii,560533,582805,559142,584196,0.9780869483947754,0.9571136832237244,False,False
train,hepaticvessel_066_2,/home/lvelez/PI_Velez/data/32slices/hepaticvessel_066_ventaneo_2.nii,/home/lvelez/PI_Velez/data/32slices/hepaticvessel_066_2.nii,910493,946778,908765,948506,0.9786024689674377,0.9581014513969421,False,False
train,hepaticvessel_067,/home/lvelez/PI_Velez/data/32slices/hepaticvessel_067_ventaneo.nii,/home/lvelez/PI_Velez/data/32slices/hepaticvessel_067.nii,582598,599419,581764,600253,0.9843580722808838,0.9691979885101318,False,False
train,hepaticvessel_068,/home/lvelez/PI_Velez/data/32slices/hepaticvessel_068_ventaneo.nii,/home/lvelez/PI_Velez/data/32slices/hepaticvessel_068.nii,512302,528553,511356,529499,0.98256915807724,0.9657355546951294,False,False
train,hepaticvessel_071,/home/lvelez/PI_Velez/data/32slices/hepaticvessel_071_ventaneo.nii,/home/lvelez/PI_Velez/data/32slices/hepaticvessel_071.nii,546890,571360,545672,572578,0.9759392142295837,0.9530090093612671,False,False
train,hepaticvessel_072,/home/lvelez/PI_Velez/data/32slices/hepaticvessel_072_ventaneo.nii,/home/lvelez/PI_Velez/data/32slices/hepaticvessel_072.nii,408025,428924,407296,429653,0.9732875227928162,0.9479649662971497,False,False
train,hepaticvessel_075,/home/lvelez/PI_Velez/data/32slices/hepaticvessel_075_ventaneo.nii,/home/lvelez/PI_Velez/data/32slices/hepaticvessel_075.nii,478048,491540,477126,492462,0.9841829538345337,0.968858540058136,False,False
train,hepaticvessel_077,/home/lvelez/PI_Velez/data/32slices/hepaticvessel_077_ventaneo.nii,/home/lvelez/PI_Velez/data/32slices/hepaticvessel_077.nii,700758,724004,699219,725543,0.9815239310264587,0.9637182354927063,False,False
train,hepaticvessel_078,/home/lvelez/PI_Velez/data/32slices/hepaticvessel_078_ventaneo.nii,/home/lvelez/PI_Velez/data/32slices/hepaticvessel_078.nii,497517,515760,496637,516640,0.980259120464325,0.96128249168396,False,False
train,hepaticvessel_080,/home/lvelez/PI_Velez/data/32slices/hepaticvessel_080_ventaneo.nii,/home/lvelez/PI_Velez/data/32slices/hepaticvessel_080.nii,393750,406173,393279,406644,0.9832921624183655,0.9671334028244019,False,False
train,hepaticvessel_082_1,/home/lvelez/PI_Velez/data/32slices/hepaticvessel_082_ventaneo_1.nii,/home/lvelez/PI_Velez/data/32slices/hepaticvessel_082_1.nii,353027,366573,352542,367058,0.9798277020454407,0.9604530930519104,False,False
train,hepaticvessel_082_2,/home/lvelez/PI_Velez/data/32slices/hepaticvessel_082_ventaneo_2.nii,/home/lvelez/PI_Velez/data/32slices/hepaticvessel_082_2.nii,495471,511189,494071,512589,0.9816045165061951,0.963873565196991,False,False
train,hepaticvessel_086,/home/lvelez/PI_Velez/data/32slices/hepaticvessel_086_ventaneo.nii,/home/lvelez/PI_Velez/data/32slices/hepaticvessel_086.nii,486410,504060,485004,505466,0.9793411493301392,0.959518551826477,False,False
train,hepaticvessel_087,/home/lvelez/PI_Velez/data/32slices/hepaticvessel_087_ventaneo.nii,/home/lvelez/PI_Velez/data/32slices/hepaticvessel_087.nii,454053,469698,453289,470462,0.98140949010849,0.9634975790977478,False,False
train,hepaticvessel_088_1,/home/lvelez/PI_Velez/data/32slices/hepaticvessel_088_ventaneo_1.nii,/home/lvelez/PI_Velez/data/32slices/hepaticvessel_088_1.nii,371829,383017,371275,383571,0.9837105870246887,0.9679433703422546,False,False
train,hepaticvessel_088_2,/home/lvelez/PI_Velez/data/32slices/hepaticvessel_088_ventaneo_2.nii,/home/lvelez/PI_Velez/data/32slices/hepaticvessel_088_2.nii,686430,703100,684906,704624,0.9858095645904541,0.9720162749290466,False,False
train,hepaticvessel_089,/home/lvelez/PI_Velez/data/32slices/hepaticvessel_089_ventaneo.nii,/home/lvelez/PI_Velez/data/32slices/hepaticvessel_089.nii,1074655,1107301,1072595,1109361,0.9831500053405762,0.9668583869934082,False,False
train,hepaticvessel_090,/home/lvelez/PI_Velez/data/32slices/hepaticvessel_090_ventaneo.nii,/home/lvelez/PI_Velez/data/32slices/hepaticvessel_090.nii,355265,368356,354852,368769,0.980767548084259,0.962260901927948,False,False
train,hepaticvessel_091,/home/lvelez/PI_Velez/data/32slices/hepaticvessel_091_ventaneo.nii,/home/lvelez/PI_Velez/data/32slices/hepaticvessel_091.nii,776180,798960,775139,800001,0.984216034412384,0.9689225554466248,False,False
train,hepaticvessel_092,/home/lvelez/PI_Velez/data/32slices/hepaticvessel_092_ventaneo.nii,/home/lvelez/PI_Velez/data/32slices/hepaticvessel_092.nii,413537,428551,412948,429140,0.9807716012001038,0.9622687101364136,False,False
train,hepaticvessel_093,/home/lvelez/PI_Velez/data/32slices/hepaticvessel_093_ventaneo.nii,/home/lvelez/PI_Velez/data/32slices/hepaticvessel_093.nii,682943,702929,682251,703621,0.9845800995826721,0.9696285128593445,False,False
train,hepaticvessel_094,/home/lvelez/PI_Velez/data/32slices/hepaticvessel_094_ventaneo.nii,/home/lvelez/PI_Velez/data/32slices/hepaticvessel_094.nii,808241,830688,807031,831898,0.9848272800445557,0.9701080918312073,False,False
train,hepaticvessel_097,/home/lvelez/PI_Velez/data/32slices/hepaticvessel_097_ventaneo.nii,/home/lvelez/PI_Velez/data/32slices/hepaticvessel_097.nii,740435,761265,738777,762923,0.9839208722114563,0.9683506488800049,False,False
train,hepaticvessel_100,/home/lvelez/PI_Velez/data/32slices/hepaticvessel_100_ventaneo.nii,/home/lvelez/PI_Velez/data/32slices/hepaticvessel_100.nii,713834,733885,712409,735310,0.9841813445091248,0.9688553214073181,False,False
train,hepaticvessel_102,/home/lvelez/PI_Velez/data/32slices/hepaticvessel_102_ventaneo.nii,/home/lvelez/PI_Velez/data/32slices/hepaticvessel_102.nii,581360,602963,579670,604653,0.9789052605628967,0.9586820602416992,False,False
train,hepaticvessel_103,/home/lvelez/PI_Velez/data/32slices/hepaticvessel_103_ventaneo.nii,/home/lvelez/PI_Velez/data/32slices/hepaticvessel_103.nii,603663,622241,602760,623144,0.9833722710609436,0.9672884345054626,False,False
train,hepaticvessel_108,/home/lvelez/PI_Velez/data/32slices/hepaticvessel_108_ventaneo.nii,/home/lvelez/PI_Velez/data/32slices/hepaticvessel_108.nii,648268,666655,646470,668453,0.9832819104194641,0.9671136140823364,False,False
train,hepaticvessel_110_1,/home/lvelez/PI_Velez/data/32slices/hepaticvessel_110_ventaneo_1.nii,/home/lvelez/PI_Velez/data/32slices/hepaticvessel_110_1.nii,176980,183387,176623,183744,0.9802395701408386,0.9612450003623962,False,False
train,hepaticvessel_110_2,/home/lvelez/PI_Velez/data/32slices/hepaticvessel_110_ventaneo_2.nii,/home/lvelez/PI_Velez/data/32slices/hepaticvessel_110_2.nii,408184,424160,407370,424974,0.9788500666618347,0.9585762619972229,False,False
train,hepaticvessel_111,/home/lvelez/PI_Velez/data/32slices/hepaticvessel_111_ventaneo.nii,/home/lvelez/PI_Velez/data/32slices/hepaticvessel_111.nii,304653,319125,304136,319642,0.9751418232917786,0.9514895081520081,False,False
train,hepaticvessel_112,/home/lvelez/PI_Velez/data/32slices/hepaticvessel_112_ventaneo.nii,/home/lvelez/PI_Velez/data/32slices/hepaticvessel_112.nii,595231,615026,594465,615792,0.9823781251907349,0.965366542339325,False,False
train,hepaticvessel_113,/home/lvelez/PI_Velez/data/32slices/hepaticvessel_113_ventaneo.nii,/home/lvelez/PI_Velez/data/32slices/hepaticvessel_113.nii,606752,627902,605257,629397,0.9804479479789734,0.9616458415985107,False,False
train,hepaticvessel_116,/home/lvelez/PI_Velez/data/32slices/hepaticvessel_116_ventaneo.nii,/home/lvelez/PI_Velez/data/32slices/hepaticvessel_116.nii,487552,505234,486183,506603,0.9794316291809082,0.9596922993659973,False,False
train,hepaticvessel_117_1,/home/lvelez/PI_Velez/data/32slices/hepaticvessel_117_ventaneo_1.nii,/home/lvelez/PI_Velez/data/32slices/hepaticvessel_117_1.nii,284499,296300,283934,296865,0.9777358174324036,0.9564414620399475,False,False
train,hepaticvessel_117_2,/home/lvelez/PI_Velez/data/32slices/hepaticvessel_117_ventaneo_2.nii,/home/lvelez/PI_Velez/data/32slices/hepaticvessel_117_2.nii,364209,380490,363264,381435,0.9755995273590088,0.9523614645004272,False,False
train,hepaticvessel_119,/home/lvelez/PI_Velez/data/32slices/hepaticvessel_119_ventaneo.nii,/home/lvelez/PI_Velez/data/32slices/hepaticvessel_119.nii,343395,355927,342855,356467,0.9805354475975037,0.9618141651153564,False,False
train,hepaticvessel_121,/home/lvelez/PI_Velez/data/32slices/hepaticvessel_121_ventaneo.nii,/home/lvelez/PI_Velez/data/32slices/hepaticvessel_121.nii,351543,367984,350666,368861,0.9747125506401062,0.950672447681427,False,False
train,hepaticvessel_125,/home/lvelez/PI_Velez/data/32slices/hepaticvessel_125_ventaneo.nii,/home/lvelez/PI_Velez/data/32slices/hepaticvessel_125.nii,532251,546585,531187,547649,0.9847409725189209,0.9699406027793884,False,False
train,hepaticvessel_128,/home/lvelez/PI_Velez/data/32slices/hepaticvessel_128_ventaneo.nii,/home/lvelez/PI_Velez/data/32slices/hepaticvessel_128.nii,355238,368597,354668,369167,0.9799692034721375,0.9607250690460205,False,False
train,hepaticvessel_129_1,/home/lvelez/PI_Velez/data/32slices/hepaticvessel_129_ventaneo_1.nii,/home/lvelez/PI_Velez/data/32slices/hepaticvessel_129_1.nii,80053,83993,79886,84160,0.9739463329315186,0.9492157697677612,False,False
train,hepaticvessel_129_2,/home/lvelez/PI_Velez/data/32slices/hepaticvessel_129_ventaneo_2.nii,/home/lvelez/PI_Velez/data/32slices/hepaticvessel_129_2.nii,399341,414346,398186,415501,0.9787203073501587,0.9583274126052856,False,False
train,hepaticvessel_131,/home/lvelez/PI_Velez/data/32slices/hepaticvessel_131_ventaneo.nii,/home/lvelez/PI_Velez/data/32slices/hepaticvessel_131.nii,451549,467593,450938,468204,0.9812151193618774,0.9631229043006897,False,False
train,hepaticvessel_133,/home/lvelez/PI_Velez/data/32slices/hepaticvessel_133_ventaneo.nii,/home/lvelez/PI_Velez/data/32slices/hepaticvessel_133.nii,251856,268183,251272,268767,0.9663583040237427,0.9349064230918884,False,False
train,hepaticvessel_136,/home/lvelez/PI_Velez/data/32slices/hepaticvessel_136_ventaneo.nii,/home/lvelez/PI_Velez/data/32slices/hepaticvessel_136.nii,405370,423811,404513,424668,0.975692868232727,0.9525393843650818,False,False
train,hepaticvessel_137_1,/home/lvelez/PI_Velez/data/32slices/hepaticvessel_137_ventaneo_1.nii,/home/lvelez/PI_Velez/data/32slices/hepaticvessel_137_1.nii,214018,222786,213601,223203,0.9780176281929016,0.9569808840751648,False,False
train,hepaticvessel_137_2,/home/lvelez/PI_Velez/data/32slices/hepaticvessel_137_ventaneo_2.nii,/home/lvelez/PI_Velez/data/32slices/hepaticvessel_137_2.nii,338138,353910,337463,354585,0.9752589464187622,0.9517125487327576,False,False
train,hepaticvessel_138_1,/home/lvelez/PI_Velez/data/32slices/hepaticvessel_138_ventaneo_1.nii,/home/lvelez/PI_Velez/data/32slices/hepaticvessel_138_1.nii,0,0,0,0,0.0,0.0,True,False
train,hepaticvessel_138_2,/home/lvelez/PI_Velez/data/32slices/hepaticvessel_138_ventaneo_2.nii,/home/lvelez/PI_Velez/data/32slices/hepaticvessel_138_2.nii,4320,5353,4289,5384,0.8867983222007751,0.7966195940971375,False,False
train,hepaticvessel_138_3,/home/lvelez/PI_Velez/data/32slices/hepaticvessel_138_ventaneo_3.nii,/home/lvelez/PI_Velez/data/32slices/hepaticvessel_138_3.nii,540838,554849,539852,555835,0.9854127764701843,0.9712450504302979,False,False
train,hepaticvessel_139_1,/home/lvelez/PI_Velez/data/32slices/hepaticvessel_139_ventaneo_1.nii,/home/lvelez/PI_Velez/data/32slices/hepaticvessel_139_1.nii,529951,547868,529241,548578,0.982059121131897,0.9647507071495056,False,False
train,hepaticvessel_139_2,/home/lvelez/PI_Velez/data/32slices/hepaticvessel_139_ventaneo_2.nii,/home/lvelez/PI_Velez/data/32slices/hepaticvessel_139_2.nii,373150,384885,372686,385349,0.9832949638366699,0.9671388864517212,False,False
train,hepaticvessel_140,/home/lvelez/PI_Velez/data/32slices/hepaticvessel_140_ventaneo.nii,/home/lvelez/PI_Velez/data/32slices/hepaticvessel_140.nii,225425,235607,225074,235958,0.9763920903205872,0.9538731575012207,False,False
train,hepaticvessel_141_1,/home/lvelez/PI_Velez/data/32slices/hepaticvessel_141_ventaneo_1.nii,/home/lvelez/PI_Velez/data/32slices/hepaticvessel_141_1.nii,0,0,0,0,0.0,0.0,True,False
train,hepaticvessel_141_2,/home/lvelez/PI_Velez/data/32slices/hepaticvessel_141_ventaneo_2.nii,/home/lvelez/PI_Velez/data/32slices/hepaticvessel_141_2.nii,204132,212983,203817,213298,0.9772700667381287,0.9555504322052002,False,False
train,hepaticvessel_141_3,/home/lvelez/PI_Velez/data/32slices/hepaticvessel_141_ventaneo_3.nii,/home/lvelez/PI_Velez/data/32slices/hepaticvessel_141_3.nii,0,0,0,0,0.0,0.0,True,False
train,hepaticvessel_142_1,/home/lvelez/PI_Velez/data/32slices/hepaticvessel_142_ventaneo_1.nii,/home/lvelez/PI_Velez/data/32slices/hepaticvessel_142_1.nii,386319,401232,385805,401746,0.9797587990760803,0.9603207111358643,False,False
train,hepaticvessel_142_2,/home/lvelez/PI_Velez/data/32slices/hepaticvessel_142_ventaneo_2.nii,/home/lvelez/PI_Velez/data/32slices/hepaticvessel_142_2.nii,534749,555222,533630,556341,0.979163646697998,0.9591779112815857,False,False
train,hepaticvessel_144_1,/home/lvelez/PI_Velez/data/32slices/hepaticvessel_144_ventaneo_1.nii,/home/lvelez/PI_Velez/data/32slices/hepaticvessel_144_1.nii,121087,126834,120798,127123,0.974487841129303,0.9502450227737427,False,False
train,hepaticvessel_144_2,/home/lvelez/PI_Velez/data/32slices/hepaticvessel_144_ventaneo_2.nii,/home/lvelez/PI_Velez/data/32slices/hepaticvessel_144_2.nii,383928,400510,383038,401400,0.9765921831130981,0.9542551040649414,False,False
train,hepaticvessel_145,/home/lvelez/PI_Velez/data/32slices/hepaticvessel_145_ventaneo.nii,/home/lvelez/PI_Velez/data/32slices/hepaticvessel_145.nii,482661,505956,481747,506870,0.9745877385139465,0.9504350423812866,False,False
train,hepaticvessel_147_1,/home/lvelez/PI_Velez/data/32slices/hepaticvessel_147_ventaneo_1.nii,/home/lvelez/PI_Velez/data/32slices/hepaticvessel_147_1.nii,142976,149234,142849,149361,0.9777146577835083,0.9564009308815002,False,False
train,hepaticvessel_147_2,/home/lvelez/PI_Velez/data/32slices/hepaticvessel_147_ventaneo_2.nii,/home/lvelez/PI_Velez/data/32slices/hepaticvessel_147_2.nii,331748,346993,331253,347488,0.9760807156562805,0.9532789587974548,False,False
train,hepaticvessel_157_1,/home/lvelez/PI_Velez/data/32slices/hepaticvessel_157_ventaneo_1.nii,/home/lvelez/PI_Velez/data/32slices/hepaticvessel_157_1.nii,150433,157424,150161,157696,0.975524365901947,0.9522181749343872,False,False
train,hepaticvessel_157_2,/home/lvelez/PI_Velez/data/32slices/hepaticvessel_157_ventaneo_2.nii,/home/lvelez/PI_Velez/data/32slices/hepaticvessel_157_2.nii,466038,480583,465526,481095,0.9835530519485474,0.9676384329795837,False,False
train,hepaticvessel_159,/home/lvelez/PI_Velez/data/32slices/hepaticvessel_159_ventaneo.nii,/home/lvelez/PI_Velez/data/32slices/hepaticvessel_159.nii,632947,650218,631974,651191,0.9850237369537354,0.9704894423484802,False,False
train,hepaticvessel_163,/home/lvelez/PI_Velez/data/32slices/hepaticvessel_163_ventaneo.nii,/home/lvelez/PI_Velez/data/32slices/hepaticvessel_163.nii,366159,380792,365866,381085,0.9796251654624939,0.9600640535354614,False,False
train,hepaticvessel_167_1,/home/lvelez/PI_Velez/data/32slices/hepaticvessel_167_ventaneo_1.nii,/home/lvelez/PI_Velez/data/32slices/hepaticvessel_167_1.nii,92286,97327,92155,97458,0.9720324873924255,0.9455868005752563,False,False
train,hepaticvessel_167_2,/home/lvelez/PI_Velez/data/32slices/hepaticvessel_167_ventaneo_2.nii,/home/lvelez/PI_Velez/data/32slices/hepaticvessel_167_2.nii,474402,491283,473738,491947,0.9811439514160156,0.9629858732223511,False,False
train,hepaticvessel_171_1,/home/lvelez/PI_Velez/data/32slices/hepaticvessel_171_ventaneo_1.nii,/home/lvelez/PI_Velez/data/32slices/hepaticvessel_171_1.nii,9810,10777,9765,10822,0.9486569166183472,0.902328610420227,False,False
train,hepaticvessel_171_2,/home/lvelez/PI_Velez/data/32slices/hepaticvessel_171_ventaneo_2.nii,/home/lvelez/PI_Velez/data/32slices/hepaticvessel_171_2.nii,399817,414281,399651,414447,0.9818252921104431,0.9642994403839111,False,False
train,hepaticvessel_171_3,/home/lvelez/PI_Velez/data/32slices/hepaticvessel_171_ventaneo_3.nii,/home/lvelez/PI_Velez/data/32slices/hepaticvessel_171_3.nii,207178,216282,206987,216473,0.9775988459587097,0.9561793208122253,False,False
train,hepaticvessel_173_1,/home/lvelez/PI_Velez/data/32slices/hepaticvessel_173_ventaneo_1.nii,/home/lvelez/PI_Velez/data/32slices/hepaticvessel_173_1.nii,0,0,0,0,0.0,0.0,True,False
train,hepaticvessel_173_2,/home/lvelez/PI_Velez/data/32slices/hepaticvessel_173_ventaneo_2.nii,/home/lvelez/PI_Velez/data/32slices/hepaticvessel_173_2.nii,491999,512370,491779,512590,0.9792795181274414,0.9594002962112427,False,False
train,hepaticvessel_173_3,/home/lvelez/PI_Velez/data/32slices/hepaticvessel_173_ventaneo_3.nii,/home/lvelez/PI_Velez/data/32slices/hepaticvessel_173_3.nii,325842,335753,325652,335943,0.9844451546669006,0.9693668484687805,False,False
train,hepaticvessel_179,/home/lvelez/PI_Velez/data/32slices/hepaticvessel_179_ventaneo.nii,/home/lvelez/PI_Velez/data/32slices/hepaticvessel_179.nii,667968,685637,666105,687500,0.9841940402984619,0.9688799977302551,False,False
train,hepaticvessel_181_1,/home/lvelez/PI_Velez/data/32slices/hepaticvessel_181_ventaneo_1.nii,/home/lvelez/PI_Velez/data/32slices/hepaticvessel_181_1.nii,225450,232952,225156,233246,0.9823517203330994,0.965315580368042,False,False
train,hepaticvessel_181_2,/home/lvelez/PI_Velez/data/32slices/hepaticvessel_181_ventaneo_2.nii,/home/lvelez/PI_Velez/data/32slices/hepaticvessel_181_2.nii,419490,428952,418751,429691,0.9871057868003845,0.9745398163795471,False,False
train,hepaticvessel_183_1,/home/lvelez/PI_Velez/data/32slices/hepaticvessel_183_ventaneo_1.nii,/home/lvelez/PI_Velez/data/32slices/hepaticvessel_183_1.nii,264588,270836,264397,271027,0.9876173138618469,0.9755374789237976,False,False
train,hepaticvessel_183_2,/home/lvelez/PI_Velez/data/32slices/hepaticvessel_183_ventaneo_2.nii,/home/lvelez/PI_Velez/data/32slices/hepaticvessel_183_2.nii,548391,559269,547385,560275,0.9883628487586975,0.9769934415817261,False,False
train,hepaticvessel_185,/home/lvelez/PI_Velez/data/32slices/hepaticvessel_185_ventaneo.nii,/home/lvelez/PI_Velez/data/32slices/hepaticvessel_185.nii,404472,417813,404003,418282,0.982634961605072,0.9658627510070801,False,False
train,hepaticvessel_193,/home/lvelez/PI_Velez/data/32slices/hepaticvessel_193_ventaneo.nii,/home/lvelez/PI_Velez/data/32slices/hepaticvessel_193.nii,618825,631276,618214,631887,0.989062488079071,0.9783616662025452,False,False
train,hepaticvessel_195,/home/lvelez/PI_Velez/data/32slices/hepaticvessel_195_ventaneo.nii,/home/lvelez/PI_Velez/data/32slices/hepaticvessel_195.nii,471942,485549,470945,486546,0.9837063550949097,0.9679352045059204,False,False
train,hepaticvessel_203,/home/lvelez/PI_Velez/data/32slices/hepaticvessel_203_ventaneo.nii,/home/lvelez/PI_Velez/data/32slices/hepaticvessel_203.nii,726233,741931,725590,742574,0.9884318113327026,0.9771282076835632,False,False
train,hepaticvessel_207_1,/home/lvelez/PI_Velez/data/32slices/hepaticvessel_207_ventaneo_1.nii,/home/lvelez/PI_Velez/data/32slices/hepaticvessel_207_1.nii,238054,246187,237606,246635,0.981354296207428,0.9633912444114685,False,False
train,hepaticvessel_207_2,/home/lvelez/PI_Velez/data/32slices/hepaticvessel_207_ventaneo_2.nii,/home/lvelez/PI_Velez/data/32slices/hepaticvessel_207_2.nii,1243345,1265413,1241878,1266880,0.9900341033935547,0.9802649021148682,False,False
train,hepaticvessel_207_3,/home/lvelez/PI_Velez/data/32slices/hepaticvessel_207_ventaneo_3.nii,/home/lvelez/PI_Velez/data/32slices/hepaticvessel_207_3.nii,1187747,1207135,1185549,1209333,0.990068793296814,0.9803329706192017,False,False
train,hepaticvessel_211_1,/home/lvelez/PI_Velez/data/32slices/hepaticvessel_211_ventaneo_1.nii,/home/lvelez/PI_Velez/data/32slices/hepaticvessel_211_1.nii,17921,19821,17877,19865,0.9473266005516052,0.8999245166778564,False,False
train,hepaticvessel_211_2,/home/lvelez/PI_Velez/data/32slices/hepaticvessel_211_ventaneo_2.nii,/home/lvelez/PI_Velez/data/32slices/hepaticvessel_211_2.nii,273981,289858,273604,290235,0.9705039858818054,0.9426981806755066,False,False
train,hepaticvessel_213_1,/home/lvelez/PI_Velez/data/32slices/hepaticvessel_213_ventaneo_1.nii,/home/lvelez/PI_Velez/data/32slices/hepaticvessel_213_1.nii,40303,41796,40289,41810,0.9814735651016235,0.9636211395263672,False,False
train,hepaticvessel_213_2,/home/lvelez/PI_Velez/data/32slices/hepaticvessel_213_ventaneo_2.nii,/home/lvelez/PI_Velez/data/32slices/hepaticvessel_213_2.nii,747769,771825,747214,772380,0.9834389686584473,0.9674175977706909,False,False
train,hepaticvessel_213_3,/home/lvelez/PI_Velez/data/32slices/hepaticvessel_213_ventaneo_3.nii,/home/lvelez/PI_Velez/data/32slices/hepaticvessel_213_3.nii,103187,104627,103123,104691,0.9924547672271729,0.9850226044654846,False,False
train,hepaticvessel_215_1,/home/lvelez/PI_Velez/data/32slices/hepaticvessel_215_ventaneo_1.nii,/home/lvelez/PI_Velez/data/32slices/hepaticvessel_215_1.nii,108492,114033,108369,114156,0.9739939570426941,0.9493061900138855,False,False
train,hepaticvessel_215_2,/home/lvelez/PI_Velez/data/32slices/hepaticvessel_215_ventaneo_2.nii,/home/lvelez/PI_Velez/data/32slices/hepaticvessel_215_2.nii,302213,310157,301180,311190,0.9836536645889282,0.9678331613540649,False,False
train,hepaticvessel_217,/home/lvelez/PI_Velez/data/32slices/hepaticvessel_217_ventaneo.nii,/home/lvelez/PI_Velez/data/32slices/hepaticvessel_217.nii,282464,293792,282168,294088,0.9793147444725037,0.959467887878418,False,False
train,hepaticvessel_219_1,/home/lvelez/PI_Velez/data/32slices/hepaticvessel_219_ventaneo_1.nii,/home/lvelez/PI_Velez/data/32slices/hepaticvessel_219_1.nii,361,521,296,586,0.6712018251419067,0.5051194429397583,False,False
train,hepaticvessel_219_2,/home/lvelez/PI_Velez/data/32slices/hepaticvessel_219_ventaneo_2.nii,/home/lvelez/PI_Velez/data/32slices/hepaticvessel_219_2.nii,383720,395084,383404,395400,0.9845969080924988,0.9696611166000366,False,False
train,hepaticvessel_219_3,/home/lvelez/PI_Velez/data/32slices/hepaticvessel_219_ventaneo_3.nii,/home/lvelez/PI_Velez/data/32slices/hepaticvessel_219_3.nii,57988,60692,57888,60792,0.9755308628082275,0.9522305727005005,False,False
train,hepaticvessel_223_1,/home/lvelez/PI_Velez/data/32slices/hepaticvessel_223_ventaneo_1.nii,/home/lvelez/PI_Velez/data/32slices/hepaticvessel_223_1.nii,0,0,0,0,0.0,0.0,True,False
train,hepaticvessel_223_2,/home/lvelez/PI_Velez/data/32slices/hepaticvessel_223_ventaneo_2.nii,/home/lvelez/PI_Velez/data/32slices/hepaticvessel_223_2.nii,380755,389425,380536,389644,0.9881742000579834,0.9766247868537903,False,False
train,hepaticvessel_223_3,/home/lvelez/PI_Velez/data/32slices/hepaticvessel_223_ventaneo_3.nii,/home/lvelez/PI_Velez/data/32slices/hepaticvessel_223_3.nii,401457,408907,401258,409106,0.9903154373168945,0.9808167219161987,False,False
train,hepaticvessel_225,/home/lvelez/PI_Velez/data/32slices/hepaticvessel_225_ventaneo.nii,/home/lvelez/PI_Velez/data/32slices/hepaticvessel_225.nii,373432,387063,372694,387801,0.9801353216171265,0.961044430732727,False,False
train,hepaticvessel_227,/home/lvelez/PI_Velez/data/32slices/hepaticvessel_227_ventaneo.nii,/home/lvelez/PI_Velez/data/32slices/hepaticvessel_227.nii,508262,522179,507716,522725,0.9854344129562378,0.9712870121002197,False,False
train,hepaticvessel_229,/home/lvelez/PI_Velez/data/32slices/hepaticvessel_229_ventaneo.nii,/home/lvelez/PI_Velez/data/32slices/hepaticvessel_229.nii,637694,652571,636378,653887,0.9864299297332764,0.9732232093811035,False,False
train,hepaticvessel_231,/home/lvelez/PI_Velez/data/32slices/hepaticvessel_231_ventaneo.nii,/home/lvelez/PI_Velez/data/32slices/hepaticvessel_231.nii,619946,633260,618663,634543,0.9873285293579102,0.9749740958213806,False,False
train,hepaticvessel_233_1,/home/lvelez/PI_Velez/data/32slices/hepaticvessel_233_ventaneo_1.nii,/home/lvelez/PI_Velez/data/32slices/hepaticvessel_233_1.nii,254440,262332,254036,262736,0.9831647276878357,0.9668869376182556,False,False
train,hepaticvessel_233_2,/home/lvelez/PI_Velez/data/32slices/hepaticvessel_233_ventaneo_2.nii,/home/lvelez/PI_Velez/data/32slices/hepaticvessel_233_2.nii,431949,443189,431168,443970,0.985371470451355,0.9711647033691406,False,False
train,hepaticvessel_235,/home/lvelez/PI_Velez/data/32slices/hepaticvessel_235_ventaneo.nii,/home/lvelez/PI_Velez/data/32slices/hepaticvessel_235.nii,590167,612778,589045,613900,0.9793382287025452,0.9595129489898682,False,False
train,hepaticvessel_237,/home/lvelez/PI_Velez/data/32slices/hepaticvessel_237_ventaneo.nii,/home/lvelez/PI_Velez/data/32slices/hepaticvessel_237.nii,266603,273438,266300,273741,0.986221432685852,0.9728173613548279,False,False
train,hepaticvessel_245_1,/home/lvelez/PI_Velez/data/32slices/hepaticvessel_245_ventaneo_1.nii,/home/lvelez/PI_Velez/data/32slices/hepaticvessel_245_1.nii,234836,241915,234441,242310,0.9834945201873779,0.967525064945221,False,False
train,hepaticvessel_245_2,/home/lvelez/PI_Velez/data/32slices/hepaticvessel_245_ventaneo_2.nii,/home/lvelez/PI_Velez/data/32slices/hepaticvessel_245_2.nii,673481,685361,672564,686278,0.9899075627326965,0.980016827583313,False,False
train,hepaticvessel_255_1,/home/lvelez/PI_Velez/data/32slices/hepaticvessel_255_ventaneo_1.nii,/home/lvelez/PI_Velez/data/32slices/hepaticvessel_255_1.nii,71825,74299,71758,74366,0.9821521639823914,0.9649302363395691,False,False
train,hepaticvessel_255_2,/home/lvelez/PI_Velez/data/32slices/hepaticvessel_255_ventaneo_2.nii,/home/lvelez/PI_Velez/data/32slices/hepaticvessel_255_2.nii,640847,655976,639583,657240,0.986384391784668,0.9731346368789673,False,False
train,hepaticvessel_255_3,/home/lvelez/PI_Velez/data/32slices/hepaticvessel_255_ventaneo_3.nii,/home/lvelez/PI_Velez/data/32slices/hepaticvessel_255_3.nii,491853,505432,491501,505784,0.9856781363487244,0.9717606902122498,False,False
train,hepaticvessel_259_1,/home/lvelez/PI_Velez/data/32slices/hepaticvessel_259_ventaneo_1.nii,/home/lvelez/PI_Velez/data/32slices/hepaticvessel_259_1.nii,270154,279618,269637,280135,0.9809048175811768,0.9625251889228821,False,False
train,hepaticvessel_259_2,/home/lvelez/PI_Velez/data/32slices/hepaticvessel_259_ventaneo_2.nii,/home/lvelez/PI_Velez/data/32slices/hepaticvessel_259_2.nii,1031069,1050617,1030625,1051061,0.9901829361915588,0.9805567860603333,False,False
train,hepaticvessel_259_3,/home/lvelez/PI_Velez/data/32slices/hepaticvessel_259_ventaneo_3.nii,/home/lvelez/PI_Velez/data/32slices/hepaticvessel_259_3.nii,200385,205896,200342,205939,0.9862238168716431,0.9728220701217651,False,False
train,hepaticvessel_263_1,/home/lvelez/PI_Velez/data/32slices/hepaticvessel_263_ventaneo_1.nii,/home/lvelez/PI_Velez/data/32slices/hepaticvessel_263_1.nii,4937,7173,4917,7193,0.8120561242103577,0.6835812330245972,False,False
train,hepaticvessel_263_2,/home/lvelez/PI_Velez/data/32slices/hepaticvessel_263_ventaneo_2.nii,/home/lvelez/PI_Velez/data/32slices/hepaticvessel_263_2.nii,682264,693634,681807,694091,0.9910719990730286,0.9823020100593567,False,False
train,hepaticvessel_263_3,/home/lvelez/PI_Velez/data/32slices/hepaticvessel_263_ventaneo_3.nii,/home/lvelez/PI_Velez/data/32slices/hepaticvessel_263_3.nii,300539,308856,300248,309147,0.9853969812393188,0.9712143540382385,False,False
train,hepaticvessel_265_1,/home/lvelez/PI_Velez/data/32slices/hepaticvessel_265_ventaneo_1.nii,/home/lvelez/PI_Velez/data/32slices/hepaticvessel_265_1.nii,318621,327382,318197,327806,0.9851254820823669,0.9706869125366211,False,False
train,hepaticvessel_265_2,/home/lvelez/PI_Velez/data/32slices/hepaticvessel_265_ventaneo_2.nii,/home/lvelez/PI_Velez/data/32slices/hepaticvessel_265_2.nii,703980,719452,703103,720329,0.9878982901573181,0.976085901260376,False,False
train,hepaticvessel_269_1,/home/lvelez/PI_Velez/data/32slices/hepaticvessel_269_ventaneo_1.nii,/home/lvelez/PI_Velez/data/32slices/hepaticvessel_269_1.nii,74059,76238,73903,76394,0.9834261536598206,0.9673927426338196,False,False
train,hepaticvessel_269_2,/home/lvelez/PI_Velez/data/32slices/hepaticvessel_269_ventaneo_2.nii,/home/lvelez/PI_Velez/data/32slices/hepaticvessel_269_2.nii,255916,263790,255524,264182,0.9833405613899231,0.9672271609306335,False,False
train,hepaticvessel_275_1,/home/lvelez/PI_Velez/data/32slices/hepaticvessel_275_ventaneo_1.nii,/home/lvelez/PI_Velez/data/32slices/hepaticvessel_275_1.nii,0,0,0,0,0.0,0.0,True,False
train,hepaticvessel_275_2,/home/lvelez/PI_Velez/data/32slices/hepaticvessel_275_ventaneo_2.nii,/home/lvelez/PI_Velez/data/32slices/hepaticvessel_275_2.nii,357015,364931,356614,365332,0.9879242777824402,0.9761368036270142,False,False
train,hepaticvessel_275_3,/home/lvelez/PI_Velez/data/32slices/hepaticvessel_275_ventaneo_3.nii,/home/lvelez/PI_Velez/data/32slices/hepaticvessel_275_3.nii,608764,624573,608450,624887,0.9866727590560913,0.9736960530281067,False,False
train,hepaticvessel_281_1,/home/lvelez/PI_Velez/data/32slices/hepaticvessel_281_ventaneo_1.nii,/home/lvelez/PI_Velez/data/32slices/hepaticvessel_281_1.nii,19598,20195,19482,20311,0.9791671633720398,0.9591847062110901,False,False
train,hepaticvessel_281_2,/home/lvelez/PI_Velez/data/32slices/hepaticvessel_281_ventaneo_2.nii,/home/lvelez/PI_Velez/data/32slices/hepaticvessel_281_2.nii,912098,924836,911687,925247,0.9926181435585022,0.9853444695472717,False,False
train,hepaticvessel_281_3,/home/lvelez/PI_Velez/data/32slices/hepaticvessel_281_ventaneo_3.nii,/home/lvelez/PI_Velez/data/32slices/hepaticvessel_281_3.nii,204330,214980,204090,215220,0.9734563827514648,0.9482854604721069,False,False
train,hepaticvessel_285,/home/lvelez/PI_Velez/data/32slices/hepaticvessel_285_ventaneo.nii,/home/lvelez/PI_Velez/data/32slices/hepaticvessel_285.nii,607459,622250,606318,623391,0.9861162304878235,0.9726126790046692,False,False
train,hepaticvessel_287_1,/home/lvelez/PI_Velez/data/32slices/hepaticvessel_287_ventaneo_1.nii,/home/lvelez/PI_Velez/data/32slices/hepaticvessel_287_1.nii,0,0,0,0,0.0,0.0,True,False
train,hepaticvessel_287_2,/home/lvelez/PI_Velez/data/32slices/hepaticvessel_287_ventaneo_2.nii,/home/lvelez/PI_Velez/data/32slices/hepaticvessel_287_2.nii,485492,498417,484676,499233,0.9852049350738525,0.9708412885665894,False,False
train,hepaticvessel_287_3,/home/lvelez/PI_Velez/data/32slices/hepaticvessel_287_ventaneo_3.nii,/home/lvelez/PI_Velez/data/32slices/hepaticvessel_287_3.nii,198961,203594,198822,203733,0.9878004193305969,0.9758949279785156,False,False
train,hepaticvessel_289,/home/lvelez/PI_Velez/data/32slices/hepaticvessel_289_ventaneo.nii,/home/lvelez/PI_Velez/data/32slices/hepaticvessel_289.nii,423203,440425,422373,441255,0.978136420249939,0.9572083950042725,False,False
train,hepaticvessel_291_1,/home/lvelez/PI_Velez/data/32slices/hepaticvessel_291_ventaneo_1.nii,/home/lvelez/PI_Velez/data/32slices/hepaticvessel_291_1.nii,0,0,0,0,0.0,0.0,True,False
train,hepaticvessel_291_2,/home/lvelez/PI_Velez/data/32slices/hepaticvessel_291_ventaneo_2.nii,/home/lvelez/PI_Velez/data/32slices/hepaticvessel_291_2.nii,340662,346143,340503,346302,0.9915565848350525,0.9832544922828674,False,False
train,hepaticvessel_291_3,/home/lvelez/PI_Velez/data/32slices/hepaticvessel_291_ventaneo_3.nii,/home/lvelez/PI_Velez/data/32slices/hepaticvessel_291_3.nii,665637,682732,665102,683267,0.9865281581878662,0.9734144806861877,False,False
train,hepaticvessel_293,/home/lvelez/PI_Velez/data/32slices/hepaticvessel_293_ventaneo.nii,/home/lvelez/PI_Velez/data/32slices/hepaticvessel_293.nii,378317,389875,377751,390441,0.98348069190979,0.9674983024597168,False,False
train,hepaticvessel_297,/home/lvelez/PI_Velez/data/32slices/hepaticvessel_297_ventaneo.nii,/home/lvelez/PI_Velez/data/32slices/hepaticvessel_297.nii,352094,363311,351511,363894,0.9826909303665161,0.9659708738327026,False,False
train,hepaticvessel_299_1,/home/lvelez/PI_Velez/data/32slices/hepaticvessel_299_ventaneo_1.nii,/home/lvelez/PI_Velez/data/32slices/hepaticvessel_299_1.nii,0,0,0,0,0.0,0.0,True,False
train,hepaticvessel_299_2,/home/lvelez/PI_Velez/data/32slices/hepaticvessel_299_ventaneo_2.nii,/home/lvelez/PI_Velez/data/32slices/hepaticvessel_299_2.nii,367194,374916,366975,375135,0.9890043139457703,0.9782478213310242,False,False
train,hepaticvessel_299_3,/home/lvelez/PI_Velez/data/32slices/hepaticvessel_299_ventaneo_3.nii,/home/lvelez/PI_Velez/data/32slices/hepaticvessel_299_3.nii,913884,932256,913102,933038,0.9892012476921082,0.9786332249641418,False,False
train,hepaticvessel_305_1,/home/lvelez/PI_Velez/data/32slices/hepaticvessel_305_ventaneo_1.nii,/home/lvelez/PI_Velez/data/32slices/hepaticvessel_305_1.nii,163879,169835,163753,169961,0.981397271156311,0.9634739756584167,False,False
train,hepaticvessel_305_2,/home/lvelez/PI_Velez/data/32slices/hepaticvessel_305_ventaneo_2.nii,/home/lvelez/PI_Velez/data/32slices/hepaticvessel_305_2.nii,853128,867869,852876,868121,0.9911417365074158,0.9824391007423401,False,False
train,hepaticvessel_305_3,/home/lvelez/PI_Velez/data/32slices/hepaticvessel_305_ventaneo_3.nii,/home/lvelez/PI_Velez/data/32slices/hepaticvessel_305_3.nii,432449,445362,432158,445653,0.9846265316009521,0.9697185754776001,False,False
train,hepaticvessel_307_1,/home/lvelez/PI_Velez/data/32slices/hepaticvessel_307_ventaneo_1.nii,/home/lvelez/PI_Velez/data/32slices/hepaticvessel_307_1.nii,50768,54235,50706,54297,0.9658010005950928,0.9338637590408325,False,False
train,hepaticvessel_307_2,/home/lvelez/PI_Velez/data/32slices/hepaticvessel_307_ventaneo_2.nii,/home/lvelez/PI_Velez/data/32slices/hepaticvessel_307_2.nii,576368,590379,575925,590822,0.9872320294380188,0.9747859835624695,False,False
train,hepaticvessel_307_3,/home/lvelez/PI_Velez/data/32slices/hepaticvessel_307_ventaneo_3.nii,/home/lvelez/PI_Velez/data/32slices/hepaticvessel_307_3.nii,479154,496790,478975,496969,0.9815624952316284,0.9637925028800964,False,False
train,hepaticvessel_309,/home/lvelez/PI_Velez/data/32slices/hepaticvessel_309_ventaneo.nii,/home/lvelez/PI_Velez/data/32slices/hepaticvessel_309.nii,403308,413001,402748,413561,0.9867537617683411,0.9738539457321167,False,False
train,hepaticvessel_319_1,/home/lvelez/PI_Velez/data/32slices/hepaticvessel_319_ventaneo_1.nii,/home/lvelez/PI_Velez/data/32slices/hepaticvessel_319_1.nii,19533,20293,19476,20350,0.9780545234680176,0.9570515751838684,False,False
train,hepaticvessel_319_2,/home/lvelez/PI_Velez/data/32slices/hepaticvessel_319_ventaneo_2.nii,/home/lvelez/PI_Velez/data/32slices/hepaticvessel_319_2.nii,641347,652801,640926,653222,0.9904987812042236,0.9811763763427734,False,False
train,hepaticvessel_319_3,/home/lvelez/PI_Velez/data/32slices/hepaticvessel_319_ventaneo_3.nii,/home/lvelez/PI_Velez/data/32slices/hepaticvessel_319_3.nii,122336,126526,122139,126723,0.9815801382064819,0.963826596736908,False,False
train,hepaticvessel_327,/home/lvelez/PI_Velez/data/32slices/hepaticvessel_327_ventaneo.nii,/home/lvelez/PI_Velez/data/32slices/hepaticvessel_327.nii,768532,785832,766877,787487,0.9867405295372009,0.973828136920929,False,False
train,hepaticvessel_329_1,/home/lvelez/PI_Velez/data/32slices/hepaticvessel_329_ventaneo_1.nii,/home/lvelez/PI_Velez/data/32slices/hepaticvessel_329_1.nii,150981,154399,150564,154816,0.9860763549804688,0.9725351333618164,False,False
train,hepaticvessel_329_2,/home/lvelez/PI_Velez/data/32slices/hepaticvessel_329_ventaneo_2.nii,/home/lvelez/PI_Velez/data/32slices/hepaticvessel_329_2.nii,502106,512751,501077,513780,0.9874829649925232,0.9752753973007202,False,False
train,hepaticvessel_335_1,/home/lvelez/PI_Velez/data/32slices/hepaticvessel_335_ventaneo_1.nii,/home/lvelez/PI_Velez/data/32slices/hepaticvessel_335_1.nii,166663,169617,166264,170016,0.9888426065444946,0.9779314994812012,False,False
train,hepaticvessel_335_2,/home/lvelez/PI_Velez/data/32slices/hepaticvessel_335_ventaneo_2.nii,/home/lvelez/PI_Velez/data/32slices/hepaticvessel_335_2.nii,713498,723645,711905,725238,0.9907225370407104,0.9816156625747681,False,False
train,hepaticvessel_341_1,/home/lvelez/PI_Velez/data/32slices/hepaticvessel_341_ventaneo_1.nii,/home/lvelez/PI_Velez/data/32slices/hepaticvessel_341_1.nii,274821,278469,274154,279136,0.9909957051277161,0.9821520447731018,False,False
train,hepaticvessel_341_2,/home/lvelez/PI_Velez/data/32slices/hepaticvessel_341_ventaneo_2.nii,/home/lvelez/PI_Velez/data/32slices/hepaticvessel_341_2.nii,718177,730576,716027,732726,0.9884735345840454,0.977209746837616,False,False
train,hepaticvessel_345_1,/home/lvelez/PI_Velez/data/32slices/hepaticvessel_345_ventaneo_1.nii,/home/lvelez/PI_Velez/data/32slices/hepaticvessel_345_1.nii,0,0,0,0,0.0,0.0,True,False
train,hepaticvessel_345_2,/home/lvelez/PI_Velez/data/32slices/hepaticvessel_345_ventaneo_2.nii,/home/lvelez/PI_Velez/data/32slices/hepaticvessel_345_2.nii,699902,717729,699534,718097,0.9869056344032288,0.9741497039794922,False,False
train,hepaticvessel_345_3,/home/lvelez/PI_Velez/data/32slices/hepaticvessel_345_ventaneo_3.nii,/home/lvelez/PI_Velez/data/32slices/hepaticvessel_345_3.nii,225856,237917,225225,238548,0.9712725877761841,0.9441496133804321,False,False
train,hepaticvessel_353_1,/home/lvelez/PI_Velez/data/32slices/hepaticvessel_353_ventaneo_1.nii,/home/lvelez/PI_Velez/data/32slices/hepaticvessel_353_1.nii,361186,369882,360748,370320,0.9869068264961243,0.9741520881652832,False,False
train,hepaticvessel_353_2,/home/lvelez/PI_Velez/data/32slices/hepaticvessel_353_ventaneo_2.nii,/home/lvelez/PI_Velez/data/32slices/hepaticvessel_353_2.nii,433231,443880,432565,444546,0.9863404035568237,0.9730489253997803,False,False
train,hepaticvessel_359,/home/lvelez/PI_Velez/data/32slices/hepaticvessel_359_ventaneo.nii,/home/lvelez/PI_Velez/data/32slices/hepaticvessel_359.nii,487155,498373,486305,499223,0.9868922829627991,0.9741237759590149,False,False
train,hepaticvessel_367,/home/lvelez/PI_Velez/data/32slices/hepaticvessel_367_ventaneo.nii,/home/lvelez/PI_Velez/data/32slices/hepaticvessel_367.nii,523922,534903,523027,535798,0.9879385232925415,0.9761645197868347,False,False
train,hepaticvessel_369_1,/home/lvelez/PI_Velez/data/32slices/hepaticvessel_369_ventaneo_1.nii,/home/lvelez/PI_Velez/data/32slices/hepaticvessel_369_1.nii,0,0,0,0,0.0,0.0,True,False
train,hepaticvessel_369_2,/home/lvelez/PI_Velez/data/32slices/hepaticvessel_369_ventaneo_2.nii,/home/lvelez/PI_Velez/data/32slices/hepaticvessel_369_2.nii,457071,466005,456791,466285,0.9897148013114929,0.9796390533447266,False,False
train,hepaticvessel_369_3,/home/lvelez/PI_Velez/data/32slices/hepaticvessel_369_ventaneo_3.nii,/home/lvelez/PI_Velez/data/32slices/hepaticvessel_369_3.nii,667821,682115,667331,682605,0.9886853694915771,0.9776239395141602,False,False
train,hepaticvessel_371,/home/lvelez/PI_Velez/data/32slices/hepaticvessel_371_ventaneo.nii,/home/lvelez/PI_Velez/data/32slices/hepaticvessel_371.nii,572407,584581,571380,585608,0.9877025485038757,0.9757038950920105,False,False
train,hepaticvessel_373_1,/home/lvelez/PI_Velez/data/32slices/hepaticvessel_373_ventaneo_1.nii,/home/lvelez/PI_Velez/data/32slices/hepaticvessel_373_1.nii,131113,133627,130924,133816,0.9890760779380798,0.978388249874115,False,False
train,hepaticvessel_373_2,/home/lvelez/PI_Velez/data/32slices/hepaticvessel_373_ventaneo_2.nii,/home/lvelez/PI_Velez/data/32slices/hepaticvessel_373_2.nii,707030,723256,705661,724625,0.9867411255836487,0.9738292098045349,False,False
train,hepaticvessel_375_1,/home/lvelez/PI_Velez/data/32slices/hepaticvessel_375_ventaneo_1.nii,/home/lvelez/PI_Velez/data/32slices/hepaticvessel_375_1.nii,0,0,0,0,0.0,0.0,True,False
train,hepaticvessel_375_2,/home/lvelez/PI_Velez/data/32slices/hepaticvessel_375_ventaneo_2.nii,/home/lvelez/PI_Velez/data/32slices/hepaticvessel_375_2.nii,395630,409610,395279,409961,0.981766939163208,0.9641868472099304,False,False
train,hepaticvessel_375_3,/home/lvelez/PI_Velez/data/32slices/hepaticvessel_375_ventaneo_3.nii,/home/lvelez/PI_Velez/data/32slices/hepaticvessel_375_3.nii,181153,186188,180953,186388,0.9852044582366943,0.9708403944969177,False,False
train,hepaticvessel_411_1,/home/lvelez/PI_Velez/data/32slices/hepaticvessel_411_ventaneo_1.nii,/home/lvelez/PI_Velez/data/32slices/hepaticvessel_411_1.nii,34835,35957,34777,36015,0.9825121760368347,0.9656254053115845,False,False
train,hepaticvessel_411_2,/home/lvelez/PI_Velez/data/32slices/hepaticvessel_411_ventaneo_2.nii,/home/lvelez/PI_Velez/data/32slices/hepaticvessel_411_2.nii,637813,646941,637330,647424,0.9921432137489319,0.984408974647522,False,False
train,hepaticvessel_411_3,/home/lvelez/PI_Velez/data/32slices/hepaticvessel_411_ventaneo_3.nii,/home/lvelez/PI_Velez/data/32slices/hepaticvessel_411_3.nii,434239,444636,433638,445237,0.9868024587631226,0.9739487171173096,False,False
train,hepaticvessel_423,/home/lvelez/PI_Velez/data/32slices/hepaticvessel_423_ventaneo.nii,/home/lvelez/PI_Velez/data/32slices/hepaticvessel_423.nii,343444,356966,342963,357447,0.9793207049369812,0.9594793319702148,False,False
train,hepaticvessel_425,/home/lvelez/PI_Velez/data/32slices/hepaticvessel_425_ventaneo.nii,/home/lvelez/PI_Velez/data/32slices/hepaticvessel_425.nii,483892,494564,482801,495655,0.9868629574775696,0.9740666151046753,False,False
train,hepaticvessel_431,/home/lvelez/PI_Velez/data/32slices/hepaticvessel_431_ventaneo.nii,/home/lvelez/PI_Velez/data/32slices/hepaticvessel_431.nii,406206,418514,405626,419094,0.983669638633728,0.9678640365600586,False,False
train,hepaticvessel_433,/home/lvelez/PI_Velez/data/32slices/hepaticvessel_433_ventaneo.nii,/home/lvelez/PI_Velez/data/32slices/hepaticvessel_433.nii,513642,526528,512806,527364,0.9860042333602905,0.9723947644233704,False,False
train,hepaticvessel_441_1,/home/lvelez/PI_Velez/data/32slices/hepaticvessel_441_ventaneo_1.nii,/home/lvelez/PI_Velez/data/32slices/hepaticvessel_441_1.nii,336617,343479,336163,343933,0.9885751605033875,0.9774084091186523,False,False
train,hepaticvessel_441_2,/home/lvelez/PI_Velez/data/32slices/hepaticvessel_441_ventaneo_2.nii,/home/lvelez/PI_Velez/data/32slices/hepaticvessel_441_2.nii,617863,631289,617144,632008,0.9881007075309753,0.9764813184738159,False,False
train,hepaticvessel_443_1,/home/lvelez/PI_Velez/data/32slices/hepaticvessel_443_ventaneo_1.nii,/home/lvelez/PI_Velez/data/32slices/hepaticvessel_443_1.nii,45835,47797,45769,47863,0.9776358604431152,0.9562501311302185,False,False
train,hepaticvessel_443_2,/home/lvelez/PI_Velez/data/32slices/hepaticvessel_443_ventaneo_2.nii,/home/lvelez/PI_Velez/data/32slices/hepaticvessel_443_2.nii,650003,659984,649350,660637,0.9913839101791382,0.9829149842262268,False,False
train,hepaticvessel_443_3,/home/lvelez/PI_Velez/data/32slices/hepaticvessel_443_ventaneo_3.nii,/home/lvelez/PI_Velez/data/32slices/hepaticvessel_443_3.nii,398089,406630,397844,406875,0.9887774586677551,0.9778040051460266,False,False
train,hepaticvessel_445_1,/home/lvelez/PI_Velez/data/32slices/hepaticvessel_445_ventaneo_1.nii,/home/lvelez/PI_Velez/data/32slices/hepaticvessel_445_1.nii,499,1716,499,1716,0.45056432485580444,0.2907925546169281,False,False
train,hepaticvessel_445_2,/home/lvelez/PI_Velez/data/32slices/hepaticvessel_445_ventaneo_2.nii,/home/lvelez/PI_Velez/data/32slices/hepaticvessel_445_2.nii,782969,804013,782262,804720,0.985848605632782,0.9720921516418457,False,False
train,hepaticvessel_445_3,/home/lvelez/PI_Velez/data/32slices/hepaticvessel_445_ventaneo_3.nii,/home/lvelez/PI_Velez/data/32slices/hepaticvessel_445_3.nii,175318,178826,174842,179302,0.9874062538146973,0.975125789642334,False,False
train,hepaticvessel_447_1,/home/lvelez/PI_Velez/data/32slices/hepaticvessel_447_ventaneo_1.nii,/home/lvelez/PI_Velez/data/32slices/hepaticvessel_447_1.nii,79104,81921,78825,82200,0.9790405035018921,0.9589415788650513,False,False
train,hepaticvessel_447_2,/home/lvelez/PI_Velez/data/32slices/hepaticvessel_447_ventaneo_2.nii,/home/lvelez/PI_Velez/data/32slices/hepaticvessel_447_2.nii,517358,534610,516410,535558,0.9817979335784912,0.9642466306686401,False,False
train,hepaticvessel_453_1,/home/lvelez/PI_Velez/data/32slices/hepaticvessel_453_ventaneo_1.nii,/home/lvelez/PI_Velez/data/32slices/hepaticvessel_453_1.nii,97832,101553,97713,101672,0.9801439642906189,0.9610610604286194,False,False
train,hepaticvessel_453_2,/home/lvelez/PI_Velez/data/32slices/hepaticvessel_453_ventaneo_2.nii,/home/lvelez/PI_Velez/data/32slices/hepaticvessel_453_2.nii,316048,324409,315502,324955,0.9852402210235596,0.970909833908081,False,False
train,hepaticvessel_455,/home/lvelez/PI_Velez/data/32slices/hepaticvessel_455_ventaneo.nii,/home/lvelez/PI_Velez/data/32slices/hepaticvessel_455.nii,524255,535916,523902,536269,0.9883348941802979,0.976938784122467,False,False
val,hepaticvessel_023_1,/home/lvelez/PI_Velez/data/32slices/hepaticvessel_023_ventaneo_1.nii,/home/lvelez/PI_Velez/data/32slices/hepaticvessel_023_1.nii,479914,498757,479094,499577,0.9790706038475037,0.9589993357658386,False,False
val,hepaticvessel_023_2,/home/lvelez/PI_Velez/data/32slices/hepaticvessel_023_ventaneo_2.nii,/home/lvelez/PI_Velez/data/32slices/hepaticvessel_023_2.nii,628785,634136,615049,647872,0.9740102291107178,0.9493372440338135,False,False
val,hepaticvessel_032_1,/home/lvelez/PI_Velez/data/32slices/hepaticvessel_032_ventaneo_1.nii,/home/lvelez/PI_Velez/data/32slices/hepaticvessel_032_1.nii,171125,177327,169949,178503,0.9754514098167419,0.9520792365074158,False,False
val,hepaticvessel_032_2,/home/lvelez/PI_Velez/data/32slices/hepaticvessel_032_ventaneo_2.nii,/home/lvelez/PI_Velez/data/32slices/hepaticvessel_032_2.nii,790258,809409,784468,815199,0.9807891249656677,0.9623024463653564,False,False
val,hepaticvessel_062,/home/lvelez/PI_Velez/data/32slices/hepaticvessel_062_ventaneo.nii,/home/lvelez/PI_Velez/data/32slices/hepaticvessel_062.nii,426611,436348,423021,439938,0.9803965091705322,0.9615468382835388,False,False
val,hepaticvessel_085,/home/lvelez/PI_Velez/data/32slices/hepaticvessel_085_ventaneo.nii,/home/lvelez/PI_Velez/data/32slices/hepaticvessel_085.nii,508127,530847,505768,533206,0.9735912680625916,0.9485414624214172,False,False
val,hepaticvessel_115,/home/lvelez/PI_Velez/data/32slices/hepaticvessel_115_ventaneo.nii,/home/lvelez/PI_Velez/data/32slices/hepaticvessel_115.nii,384308,374725,352669,406364,0.9292587041854858,0.8678647875785828,False,False
val,hepaticvessel_124_1,/home/lvelez/PI_Velez/data/32slices/hepaticvessel_124_ventaneo_1.nii,/home/lvelez/PI_Velez/data/32slices/hepaticvessel_124_1.nii,182288,189366,180872,190782,0.9733353853225708,0.9480559229850769,False,False
val,hepaticvessel_124_2,/home/lvelez/PI_Velez/data/32slices/hepaticvessel_124_ventaneo_2.nii,/home/lvelez/PI_Velez/data/32slices/hepaticvessel_124_2.nii,397556,417619,396124,419051,0.9718747735023499,0.9452883005142212,False,False
val,hepaticvessel_165_1,/home/lvelez/PI_Velez/data/32slices/hepaticvessel_165_ventaneo_1.nii,/home/lvelez/PI_Velez/data/32slices/hepaticvessel_165_1.nii,44475,45685,44237,45923,0.9812999367713928,0.9632863998413086,False,False
val,hepaticvessel_165_2,/home/lvelez/PI_Velez/data/32slices/hepaticvessel_165_ventaneo_2.nii,/home/lvelez/PI_Velez/data/32slices/hepaticvessel_165_2.nii,619177,637651,616491,640337,0.981026828289032,0.9627602100372314,False,False
val,hepaticvessel_175_1,/home/lvelez/PI_Velez/data/32slices/hepaticvessel_175_ventaneo_1.nii,/home/lvelez/PI_Velez/data/32slices/hepaticvessel_175_1.nii,198805,205848,198352,206301,0.9803560376167297,0.9614689350128174,False,False
val,hepaticvessel_175_2,/home/lvelez/PI_Velez/data/32slices/hepaticvessel_175_ventaneo_2.nii,/home/lvelez/PI_Velez/data/32slices/hepaticvessel_175_2.nii,805173,830860,802001,834032,0.9804215431213379,0.9615949988365173,False,False
val,hepaticvessel_175_3,/home/lvelez/PI_Velez/data/32slices/hepaticvessel_175_ventaneo_3.nii,/home/lvelez/PI_Velez/data/32slices/hepaticvessel_175_3.nii,953832,977322,945456,985698,0.9791616797447205,0.9591740965843201,False,False
val,hepaticvessel_201,/home/lvelez/PI_Velez/data/32slices/hepaticvessel_201_ventaneo.nii,/home/lvelez/PI_Velez/data/32slices/hepaticvessel_201.nii,792924,800348,773999,819273,0.9715842604637146,0.9447388052940369,False,False
val,hepaticvessel_221,/home/lvelez/PI_Velez/data/32slices/hepaticvessel_221_ventaneo.nii,/home/lvelez/PI_Velez/data/32slices/hepaticvessel_221.nii,341311,353002,338666,355647,0.9755427241325378,0.9522532224655151,False,False
val,hepaticvessel_279_1,/home/lvelez/PI_Velez/data/32slices/hepaticvessel_279_ventaneo_1.nii,/home/lvelez/PI_Velez/data/32slices/hepaticvessel_279_1.nii,0,0,0,0,0.0,0.0,True,False
val,hepaticvessel_279_2,/home/lvelez/PI_Velez/data/32slices/hepaticvessel_279_ventaneo_2.nii,/home/lvelez/PI_Velez/data/32slices/hepaticvessel_279_2.nii,321508,328051,319475,330084,0.9836673736572266,0.96785968542099,False,False
val,hepaticvessel_279_3,/home/lvelez/PI_Velez/data/32slices/hepaticvessel_279_ventaneo_3.nii,/home/lvelez/PI_Velez/data/32slices/hepaticvessel_279_3.nii,314445,320763,307729,327479,0.9689078330993652,0.9396907687187195,False,False
val,hepaticvessel_325,/home/lvelez/PI_Velez/data/32slices/hepaticvessel_325_ventaneo.nii,/home/lvelez/PI_Velez/data/32slices/hepaticvessel_325.nii,342428,357106,339879,359655,0.9717297554016113,0.9450139999389648,False,False
val,hepaticvessel_333_1,/home/lvelez/PI_Velez/data/32slices/hepaticvessel_333_ventaneo_1.nii,/home/lvelez/PI_Velez/data/32slices/hepaticvessel_333_1.nii,0,0,0,0,0.0,0.0,True,False
val,hepaticvessel_333_2,/home/lvelez/PI_Velez/data/32slices/hepaticvessel_333_ventaneo_2.nii,/home/lvelez/PI_Velez/data/32slices/hepaticvessel_333_2.nii,264187,272167,262559,273795,0.9790511727333069,0.9589620232582092,False,False
val,hepaticvessel_333_3,/home/lvelez/PI_Velez/data/32slices/hepaticvessel_333_ventaneo_3.nii,/home/lvelez/PI_Velez/data/32slices/hepaticvessel_333_3.nii,810240,826330,803466,833104,0.9818902015686035,0.9644246101379395,False,False
val,hepaticvessel_349,/home/lvelez/PI_Velez/data/32slices/hepaticvessel_349_ventaneo.nii,/home/lvelez/PI_Velez/data/32slices/hepaticvessel_349.nii,301204,307919,294160,314963,0.9658476114273071,0.9339509606361389,False,False
val,hepaticvessel_363,/home/lvelez/PI_Velez/data/32slices/hepaticvessel_363_ventaneo.nii,/home/lvelez/PI_Velez/data/32slices/hepaticvessel_363.nii,492248,500466,489329,503385,0.9858408570289612,0.9720770120620728,False,False
val,hepaticvessel_427,/home/lvelez/PI_Velez/data/32slices/hepaticvessel_427_ventaneo.nii,/home/lvelez/PI_Velez/data/32slices/hepaticvessel_427.nii,529422,553846,524662,558606,0.9686651825904846,0.9392344355583191,False,False
